Agent Key,Agent ID
1,0
2,1
3,2
4,3
5,4
6,5
7,6
8,7
9,8
10,9
11,10
12,11
13,12
14,13
15,14
16,15
17,16
18,17
19,19
20,20
21,21
22,22
23,23
24,24
25,25
26,26
27,27
28,28
29,29
30,30
31,31
32,32
33,33
34,34
35,35
36,36
37,37
38,38
39,39
40,40
41,41
42,42
43,44
44,45
45,47
46,50
47,52
48,53
49,54
50,55
51,56
52,57
53,58
54,59
55,60
56,61
57,63
58,64
59,66
60,67
61,68
62,69
63,70
64,71
65,72
66,73
67,74
68,75
69,77
70,78
71,79
72,81
73,82
74,83
75,85
76,86
77,87
78,88
79,89
80,90
81,91
82,92
83,93
84,94
85,95
86,96
87,98
88,99
89,103
90,104
91,105
92,106
93,107
94,110
95,111
96,112
97,114
98,115
99,117
100,118
101,119
102,121
103,122
104,126
105,127
106,128
107,129
108,132
109,133
110,134
111,135
112,138
113,139
114,141
115,142
116,143
117,144
118,146
119,147
120,148
121,149
122,150
123,151
124,152
125,153
126,154
127,155
128,156
129,157
130,158
131,159
132,162
133,163
134,165
135,167
136,168
137,170
138,171
139,173
140,174
141,175
142,177
143,179
144,180
145,181
146,182
147,183
148,184
149,185
150,187
151,191
152,192
153,193
154,195
155,196
156,197
157,201
158,205
159,208
160,210
161,211
162,213
163,214
164,215
165,216
166,219
167,220
168,223
169,227
170,229
171,232
172,234
173,235
174,236
175,240
176,241
177,242
178,243
179,244
180,245
181,247
182,248
183,249
184,250
185,251
186,252
187,253
188,254
189,256
190,257
191,258
192,261
193,262
194,265
195,267
196,269
197,270
198,273
199,275
200,276
201,278
202,280
203,281
204,282
205,283
206,285
207,286
208,287
209,288
210,289
211,290
212,291
213,294
214,295
215,296
216,298
217,299
218,300
219,301
220,302
221,303
222,304
223,305
224,306
225,307
226,308
227,310
228,313
229,314
230,315
231,321
232,323
233,324
234,325
235,326
236,327
237,328
238,330
239,331
240,332
241,333
242,334
243,335
244,336
245,337
246,339
247,341
248,344
249,346
250,348
251,350
252,352
253,354
254,355
255,358
256,359
257,360
258,363
259,364
260,367
261,368
262,370
263,371
264,375
265,378
266,384
267,385
268,387
269,388
270,390
271,391
272,393
273,394
274,397
275,403
276,404
277,405
278,406
279,408
280,410
281,411
282,414
283,416
284,418
285,420
286,423
287,425
288,426
289,427
290,429
291,430
292,431
293,432
294,433
295,434
296,436
297,438
298,440
299,441
300,444
301,446
302,449
303,450
304,451
305,453
306,454
307,455
308,459
309,461
310,464
311,467
312,468
313,469
314,472
315,474
316,475
317,476
318,479
319,480
320,481
321,483
322,484
323,492
324,493
325,495
326,497
327,502
328,508
329,509
330,510
331,526
332,527
333,531
334,535
